,phrase,label,sentiment,subjectivity,language,count,gnd,geonames,geotype,latitude,longitude,continent,country,ipcc
Delhi,Delhi,GPE,-0.10275583,0.57377172,en,175.90000000,4011371-1,1273294,X,28.65381000,77.22897000,ASIA,India,SAS
India,India,GPE,-0.02946872,0.67842701,en,31.50000000,,-1,,,,,,
North India,North India,LOC,-0.07292050,0.59085073,en,18.10000000,,-1,,,,,,
Delhi-NCR,Delhi-NCR,GPE,-0.12323262,0.51431645,en,15.00000000,,-1,,,,,,
Mumbai,Mumbai,GPE,-0.02196612,0.36042159,en,14.10000000,10013721-0,1275339,X,19.07277700,72.88250000,ASIA,India,SAS
Uttar Pradesh,Uttar Pradesh,GPE,-0.08409902,0.62556525,en,12.80000000,,-1,,,,,,
Noida,Noida,GPE,-0.15885417,0.54129464,en,11.20000000,7669301-6,7279746,X,28.57999900,77.32999900,ASIA,India,SAS
Chandigarh,Chandigarh,GPE,0.01137821,0.52900641,en,10.40000000,,-1,,,,,,
U.S.,U.S.,GPE,0.15113381,1.15350347,en,9.90000000,,-1,,,,,,
Jharkhand,Jharkhand,GPE,-0.03824718,0.80566845,en,8.50000000,4364512-4,1444365,X,23.75000000,85.50000000,ASIA,India,SAS
Punjab,Punjab,GPE,-0.13333333,0.98333333,en,7.50000000,,-1,,,,,,
Lucknow,Lucknow,GPE,-0.10923423,0.37640766,en,7.40000000,4111406-1,1264733,X,26.83927900,80.92313000,ASIA,India,SAS
Texas,Texas,GPE,0.19782727,1.21198805,en,6.80000000,4059594-8,4736286,X,31.25044000,-99.25060900,NORTH-AMERICA,United States,CNA
Ukraine,Ukraine,GPE,-0.22263682,0.60686153,en,6.70000000,4061496-7,690791,X,49.00000000,32.00000000,EUROPE,Ukraine,WCE
California,California,GPE,0.34179473,2.12751022,en,6.00000000,,-1,,,,,,
Hyderabad,Hyderabad,GPE,0.08548851,0.46551724,en,5.80000000,,-1,,,,,,
Haryana,Haryana,GPE,-0.05151515,0.76060606,en,5.50000000,4239291-3,1270260,X,29.00000000,76.00000000,ASIA,India,SAS
Midwest,Midwest,LOC,-0.08416667,0.54000000,en,5.00000000,,-1,,,,,,
Chennai,Chennai,GPE,-0.12585034,0.58333333,en,4.90000000,5351481-6,1264527,X,13.08777700,80.27833300,ASIA,India,SAS
New Delhi,New Delhi,GPE,0.00229390,0.65309147,en,4.60000000,4011371-1,1273294,X,28.65381000,77.22897000,ASIA,India,SAS
Rajasthan,Rajasthan,GPE,-0.14779541,0.62560259,en,4.50000000,4076502-7,1258899,X,26.00000000,74.00000000,ASIA,India,SAS
Russia,Russia,GPE,-0.15677609,1.03667228,en,4.50000000,,-1,,,,,,
Himachal,Himachal,GPE,0.03888889,0.38888889,en,4.50000000,,-1,,,,,,
US,US,GPE,-0.07307292,1.46617168,en,4.30000000,,-1,,,,,,
Gurgaon,Gurgaon,GPE,-0.13178295,0.59453058,en,4.30000000,4804200-6,1270642,X,28.46010000,77.02634900,ASIA,India,SAS
Japan,Japan,GPE,-0.15988757,0.71345899,en,4.20000000,4028495-5,1861060,X,35.68536000,139.75308900,ASIA,Japan,EAS
Northeast,Northeast,LOC,-0.06051587,0.53968254,en,4.20000000,,-1,,,,,,
North,North,LOC,0.03422619,0.37599206,en,4.20000000,,-1,,,,,,
Kashmir,Kashmir,LOC,-0.25558214,0.72188995,en,3.80000000,,-1,,,,,,
Pokrovsk,Pokrovsk,GPE,-0.14446589,1.18685650,en,3.70000000,120435-X,563464,X,51.48388800,46.10527700,EUROPE,Russia,EEU
NEW DELHI,NEW DELHI,GPE,0.06244430,0.55475713,en,3.40000000,,-1,,,,,,
Northern India,Northern India,LOC,-0.12745098,0.33823529,en,3.40000000,,-1,,,,,,
Lukla,Lukla,GPE,-0.50490196,0.82516340,en,3.40000000,,-1,,,,,,
Ranchi,Ranchi,GPE,-0.08946078,0.23406863,en,3.40000000,4358136-5,1258526,X,23.35000000,85.33333000,ASIA,India,SAS
Bihar,Bihar,GPE,-0.09803922,0.90686275,en,3.40000000,4006563-7,1275715,X,25.75000000,85.75000000,ASIA,India,SAS
Tarai,Tarai,GPE,-0.14819678,0.51952031,en,3.40000000,,-1,,,,,,
Sarajevo,Sarajevo,GPE,-0.35294118,0.55882353,en,3.40000000,4077016-3,3191281,X,43.84864000,18.35643900,EUROPE-AFRICA,Bosnia and Herzegovina,MED
Bengaluru,Bengaluru,GPE,-0.06313131,0.45202020,en,3.30000000,4004431-2,1277333,X,12.97194000,77.59368900,ASIA,India,SAS
New York,New York,GPE,0.18458018,1.43615846,en,3.20000000,,-1,,,,,,
Canada,Canada,GPE,0.21490575,0.64335317,en,3.20000000,4029456-0,6251999,X,60.10866900,-113.64257900,NORTH-AMERICA,Canada,NWN
Minnesota,Minnesota,GPE,-0.00985663,0.49103943,en,3.10000000,4101012-7,5037779,X,46.25023900,-94.25055000,NORTH-AMERICA,United States,CNA
Jammu,Jammu,GPE,-0.56867058,1.63220919,en,3.10000000,4387357-1,1269321,X,32.73568900,74.86911000,ASIA,India,WCA
Tamil Nadu,Tamil Nadu,GPE,-0.26944444,0.85416667,en,3.00000000,4078142-2,1255053,X,11.00000000,78.00000000,ASIA,India,SAS
Nepal,Nepal,GPE,0.40744048,0.87436508,en,3.00000000,4041612-4,1282988,X,28.00000000,84.00000000,ASIA,Nepal,TIB
Florida,Florida,GPE,0.34370942,1.24480519,en,2.80000000,4017585-6,4155751,X,28.75054000,-82.50010000,NORTH-AMERICA,United States,ENA
Houston,Houston,GPE,0.60714286,0.85714286,en,2.80000000,,-1,,,,,,
Ireland,Ireland,GPE,0.18234694,0.79775510,en,2.80000000,4027667-3,2963597,X,53.00000000,-8.00000000,EUROPE,Ireland,NEU
UK,UK,GPE,0.44042275,1.26286008,en,2.70000000,,-1,,,,,,
Kolkata,Kolkata,GPE,-0.46296296,0.82716049,en,2.70000000,4029344-0,1275004,X,22.56262900,88.36303900,ASIA,India,SAS
Malaysia,Malaysia,GPE,0.36874514,1.27587413,en,2.60000000,4037203-0,1733045,X,2.50000000,112.50000000,ASIA,Malaysia,SEA
Bosnia-Herzegovina,Bosnia-Herzegovina,GPE,-0.34615385,0.54807692,en,2.60000000,,-1,,,,,,
Kansas,Kansas,GPE,0.20151515,0.41445221,en,2.60000000,4114131-3,4273857,X,38.50028900,-98.50063000,NORTH-AMERICA,United States,CNA
Maine,Maine,GPE,0.08984071,0.49961150,en,2.60000000,4114929-4,4971068,X,45.50032000,-69.24976900,NORTH-AMERICA,United States,ENA
Galveston,Galveston,GPE,-0.08413462,0.21250000,en,2.60000000,,-1,,,,,,
Mohali,Mohali,GPE,-0.10977564,0.46474359,en,2.60000000,,-1,,,,,,
Himalayas,Himalayas,GPE,0.00854701,0.14672365,en,2.60000000,,-1,,,,,,
Himachal Pradesh,Himachal Pradesh,GPE,-0.09615385,0.73076923,en,2.60000000,4240080-6,1270101,X,31.00000000,78.00000000,ASIA,India,TIB
Madhya Pradesh,Madhya Pradesh,GPE,-0.28846154,0.88461538,en,2.60000000,4234626-5,1264542,X,23.50000000,78.50000000,ASIA,India,SAS
SARAJEVO,SARAJEVO,GPE,-0.34615385,0.54807692,en,2.60000000,,-1,,,,,,
London,London,GPE,0.04953380,0.64695027,en,2.60000000,4074335-4,2643743,X,51.50853000,-0.12574000,EUROPE,United Kingdom,NEU
Nepals,Nepals,GPE,0.03714286,0.27238095,en,2.50000000,,-1,,,,,,
Terai,Terai,GPE,-0.06000000,0.24000000,en,2.50000000,,-1,,,,,,
Brooklyn,Brooklyn,GPE,0.18412385,1.19587176,en,2.30000000,,-1,,,,,,
Italy,Italy,GPE,1.55434783,1.52173913,en,2.30000000,,-1,,,,,,
Mount Everest,Mount Everest,LOC,-0.42045455,0.68813131,en,2.20000000,,-1,,,,,,
Pradesh,Pradesh,GPE,-0.08333333,0.59523810,en,2.10000000,,-1,,,,,,
NCR,NCR,GPE,-0.19603175,0.81190476,en,2.10000000,,-1,,,,,,
Venezuela,Venezuela,GPE,-0.03604497,0.40310847,en,2.10000000,4062512-6,3625428,X,8.00000000,-66.00000000,SOUTH-AMERICA,Venezuela,NSA
Southern California,Southern California,LOC,0.40535714,0.81865079,en,2.10000000,,-1,,,,,,
China,China,GPE,-0.07992424,0.99678030,en,2.00000000,4009937-4,1814991,X,35.00000000,105.00000000,ASIA,China,EAS
Tripura,Tripura,GPE,-0.12105263,0.48947368,en,1.90000000,4346943-7,1254169,X,24.00000000,92.00000000,ASIA,India,SAS
Donetsk,Donetsk,GPE,-0.04887218,0.62155388,en,1.90000000,,-1,,,,,,
Illinois,Illinois,GPE,0.14506173,1.57098765,en,1.80000000,4109206-5,4896861,X,40.20000000,-89.25037000,NORTH-AMERICA,United States,ENA
Underground,Underground,LOC,-0.18518519,0.48148148,en,1.80000000,,-1,,,,,,
Will Delhi,Will Delhi,GPE,-0.02777778,0.41666667,en,1.80000000,,-1,,,,,,
Cavan,Cavan,GPE,0.00000000,0.05555556,en,1.80000000,4451192-9,2965535,X,53.99083300,-7.36055500,EUROPE,Ireland,NEU
Argentina,Argentina,GPE,0.24074074,0.32407407,en,1.80000000,,-1,,,,,,
Oyster,Oyster,GPE,0.00000000,0.00000000,en,1.80000000,,-1,,,,,,
Telangana,Telangana,GPE,-0.16666667,0.55555556,en,1.80000000,,-1,,,,,,
Arctic,Arctic,LOC,-0.11111111,0.27777778,en,1.80000000,,-1,,,,,,
Doeskin,Doeskin,GPE,0.00000000,0.00000000,en,1.80000000,,-1,,,,,,
Wales,Wales,GPE,0.11111111,0.11111111,en,1.80000000,,-1,,,,,,
Maharashtra,Maharashtra,GPE,-0.34722222,1.09722222,en,1.80000000,4037057-4,1264418,X,19.50000000,75.00000000,ASIA,India,SAS
Kathmandu,Kathmandu,GPE,-0.33333333,0.68827160,en,1.80000000,4030036-5,1283240,X,27.70168900,85.32059900,ASIA,Nepal,TIB
Fresno,Fresno,GPE,-0.09375000,0.36111111,en,1.80000000,,-1,,,,,,
Louth,Louth,GPE,0.00000000,0.05555556,en,1.80000000,,-1,,,,,,
Northern,Northern,LOC,-0.11111111,0.47222222,en,1.80000000,,-1,,,,,,
Eastern,Eastern,LOC,-0.04166667,0.26388889,en,1.80000000,,-1,,,,,,
Ghaziabad,Ghaziabad,GPE,-0.00347222,0.39930556,en,1.80000000,4363209-9,1271308,X,28.66248900,77.43777000,ASIA,India,SAS
Vijayawada,Vijayawada,GPE,0.14351852,0.45833333,en,1.80000000,4358367-2,1253184,X,16.51927900,80.63048900,ASIA,India,SAS
Monaghan,Monaghan,GPE,0.00000000,0.05555556,en,1.80000000,4660452-2,2962568,X,54.25000000,-6.96666900,EUROPE,Ireland,NEU
England,England,GPE,0.00000000,0.05555556,en,1.80000000,4014770-8,6269131,X,52.16044900,-0.70312000,EUROPE,United Kingdom,NEU
Gunma Prefecture,Gunma Prefecture,GPE,-0.03587963,0.50733025,en,1.80000000,,-1,,,,,,
Minakami,Minakami,GPE,-0.03587963,0.50733025,en,1.80000000,,-1,,,,,,
PORTLAND,PORTLAND,GPE,0.05401235,0.46913580,en,1.80000000,,-1,,,,,,
Overland Park,Overland Park,GPE,0.28703704,0.53703704,en,1.80000000,,-1,,,,,,
Liverpool,Liverpool,GPE,0.03703704,0.45833333,en,1.80000000,4036068-4,2644210,X,53.41058000,-2.97793900,EUROPE,United Kingdom,NEU
Srinagar,Srinagar,GPE,0.02314815,0.39351852,en,1.80000000,,-1,,,,,,
Uttarakhand,Uttarakhand,GPE,-0.11111111,0.36111111,en,1.80000000,1358877971,1444366,X,30.25000000,79.25000000,ASIA,India,TIB
Karnataka,Karnataka,GPE,-0.16666667,0.55555556,en,1.80000000,4110022-0,1267701,X,13.50000000,76.00000000,ASIA,India,SAS
Jaleshwor,Jaleshwor,GPE,-0.14004630,0.40740741,en,1.80000000,,-1,,,,,,
Colorado,Colorado,GPE,0.05172311,1.42480689,en,1.70000000,,-1,,,,,,
Washington,Washington,GPE,-0.25026738,1.59665775,en,1.70000000,4118995-4,5815135,X,47.50012000,-120.50146900,NORTH-AMERICA,United States,WNA
Oregon,Oregon,GPE,0.20120321,0.95907605,en,1.70000000,4043760-7,5744337,X,44.29999900,-120.50139000,NORTH-AMERICA,United States,WNA
San Francisco,San Francisco,GPE,0.56862745,1.08088235,en,1.70000000,,-1,,,,,,
HOUSTON,HOUSTON,GPE,0.29411765,0.29411765,en,1.70000000,,-1,,,,,,
Bengal,Bengal,GPE,-0.06722689,0.33053221,en,1.70000000,,-1,,,,,,
Wisconsin,Wisconsin,GPE,-0.02083333,0.58333333,en,1.60000000,4119135-3,5279468,X,44.50023900,-90.10000000,NORTH-AMERICA,United States,CNA
Philippines,Philippines,GPE,0.92916667,2.31458333,en,1.60000000,4045771-0,1694008,X,13.00000000,122.00000000,ASIA,,SEA
Earth,Earth,LOC,1.07314815,2.34185185,en,1.50000000,,-1,,,,,,
Nevada,Nevada,GPE,-0.10555556,0.92777778,en,1.50000000,4041996-4,5509151,X,39.25021000,-116.75118900,NORTH-AMERICA,United States,WNA
America,America,GPE,0.25000000,0.58928571,en,1.40000000,,-1,,,,,,
WASHINGTON,WASHINGTON,GPE,0.00000000,0.00000000,en,1.30000000,,-1,,,,,,
Kilkenny,Kilkenny,GPE,0.00000000,0.19230769,en,1.30000000,4265639-4,2963398,X,52.65417000,-7.25222000,EUROPE,Ireland,NEU
North Carolina,North Carolina,GPE,0.25174825,0.58916084,en,1.30000000,4042551-4,4482348,X,35.50068900,-80.20000000,NORTH-AMERICA,United States,ENA
the Saudi Arabia season,the Saudi Arabia season,GPE,0.92307692,2.76923077,en,1.30000000,,-1,,,,,,
Arizona,Arizona,GPE,-0.15384615,0.42307692,en,1.30000000,4002920-7,5551752,X,34.50030000,-111.50097900,NORTH-AMERICA,United States,WNA
Norway,Norway,GPE,0.76282051,1.65384615,en,1.30000000,4042640-3,3144096,X,62.00000000,10.00000000,EUROPE,Norway,NEU
Indiana,Indiana,GPE,-0.07132867,0.23916084,en,1.30000000,4109219-3,4921868,X,40.20000000,-86.25027000,NORTH-AMERICA,United States,ENA
Pennsylvania,Pennsylvania,GPE,0.01491841,0.30442890,en,1.30000000,4045103-3,6254927,X,40.27244900,-76.90567000,NORTH-AMERICA,United States,ENA
Lake Superior,Lake Superior,LOC,1.58928571,2.22069597,en,1.30000000,,-1,,,,,,
Bayfield,Bayfield,GPE,0.28823260,0.85714286,en,1.30000000,,-1,,,,,,
South Carolina,South Carolina,GPE,0.19813520,1.04079254,en,1.30000000,4055656-6,4597040,X,34.30000000,-81.00000000,NORTH-AMERICA,United States,ENA
Los Angeles,Los Angeles,GPE,0.15384615,0.50000000,en,1.30000000,,-1,,,,,,
Iceland,Iceland,GPE,0.00000000,0.25641026,en,1.30000000,4027754-9,2629691,X,65.00000000,-18.00000000,POLAR,Iceland,GIC
Pakistan,Pakistan,GPE,0.09652015,0.72161172,en,1.30000000,4075812-6,1168579,X,30.00000000,70.00000000,ASIA,Pakistan,WCA
St. Louis,St. Louis,GPE,-0.02564103,0.20512821,en,1.30000000,4118223-6,4407066,X,38.62727000,-90.19789000,NORTH-AMERICA,United States,CNA
Colaba,Colaba,GPE,0.00000000,0.26923077,en,1.30000000,,-1,,,,,,
Bangalore,Bangalore,GPE,0.12948718,0.33205128,en,1.30000000,4004431-2,1277333,X,12.97194000,77.59368900,ASIA,India,SAS
Carpathians,Carpathians,LOC,0.00000000,0.00000000,en,1.30000000,,-1,,,,,,
Assam,Assam,GPE,-0.37912088,0.93406593,en,1.30000000,4003249-8,1278253,X,26.00000000,93.00000000,ASIA,India,SAS
Rairangpur,Rairangpur,GPE,0.10489510,0.34965035,en,1.30000000,,-1,,,,,,
Faridabad,Faridabad,GPE,0.23931624,0.51923077,en,1.30000000,4576535-2,1271951,X,28.41252000,77.31977000,ASIA,India,SAS
Bareilly,Bareilly,GPE,-0.20000000,0.60000000,en,1.30000000,4585979-6,1277013,X,28.34702000,79.42193000,ASIA,India,SAS
Nuh,Nuh,GPE,0.23931624,0.51923077,en,1.30000000,,-1,,,,,,
the Bay of Bengal,the Bay of Bengal,LOC,-0.20512821,0.82051282,en,1.30000000,,-1,,,,,,
Valley,Valley,LOC,-0.69230769,1.15384615,en,1.30000000,,-1,,,,,,
U.S. Alpine,U.S. Alpine,LOC,1.23076923,1.15384615,en,1.30000000,,-1,,,,,,
Boston,Boston,GPE,-0.38425926,1.16203704,en,1.20000000,4007840-1,4930956,X,42.35833300,-71.05972200,NORTH-AMERICA,United States,ENA
the Faroe Islands,the Faroe Islands,GPE,0.41666667,0.91666667,en,1.20000000,,-1,,,,,,
Dakota,Dakota,GPE,-0.29040404,1.09217172,en,1.20000000,,-1,,,,,,
Lemmon,Lemmon,GPE,0.70833333,1.33333333,en,1.20000000,,-1,,,,,,
the United States,the United States,GPE,0.22453704,1.05092593,en,1.20000000,,-1,,,,,,
Wexford,Wexford,GPE,0.00000000,0.20833333,en,1.20000000,4405190-6,2960964,X,52.33417000,-6.45749900,EUROPE,,NEU
Carlow,Carlow,GPE,0.00000000,0.20833333,en,1.20000000,4089031-4,2965768,X,52.84082900,-6.92611000,EUROPE,Ireland,NEU
New Jersey,New Jersey,GPE,0.29797980,1.21363636,en,1.20000000,4042004-8,5101760,X,40.16705900,-74.49987000,NORTH-AMERICA,United States,ENA
Wicklow,Wicklow,GPE,0.00000000,0.20833333,en,1.20000000,,-1,,,,,,
New Zealand,New Zealand,GPE,0.34090909,1.13636364,en,1.20000000,,-1,,,,,,
Bay Area,Bay Area,LOC,0.59953704,1.16435185,en,1.20000000,,-1,,,,,,
Pacific,Pacific,LOC,0.06944444,0.13888889,en,1.20000000,,-1,,,,,,
France,France,GPE,0.16666667,0.95138889,en,1.20000000,,-1,,,,,,
Zaporizhia,Zaporizhia,GPE,0.16145833,0.30729167,en,1.20000000,,-1,,,,,,
New Hampshire,New Hampshire,GPE,0.07154882,0.73232323,en,1.20000000,4042002-4,5090174,X,43.66702000,-71.49979900,NORTH-AMERICA,United States,ENA
Vermont,Vermont,GPE,0.07154882,0.73232323,en,1.20000000,4063093-6,5242283,X,44.40000000,-72.74983000,NORTH-AMERICA,United States,ENA
Ivory,Ivory,GPE,-0.11111111,0.22222222,en,1.20000000,,-1,,,,,,
Alaska,Alaska,GPE,-0.25000000,1.00000000,en,1.20000000,4001016-8,5879092,X,64.80000000,-150.80000000,NORTH-AMERICA,United States,NWN
JUNEAU,JUNEAU,GPE,-0.25000000,1.00000000,en,1.20000000,,-1,,,,,,
Central Valley,Central Valley,LOC,0.07936508,0.50992063,en,1.20000000,,-1,,,,,,
New York City,New York City,GPE,0.30303030,0.70454545,en,1.20000000,4042011-5,5128581,X,40.71416600,-74.00597000,NORTH-AMERICA,United States,ENA
Netherlands,Netherlands,GPE,0.33333333,0.66666667,en,1.20000000,4042203-3,2750405,X,52.50000000,5.75000000,EUROPE,The Netherlands,NEU
San Luis Obispo County,San Luis Obispo County,GPE,-0.09090909,0.34090909,en,1.10000000,,-1,,,,,,
Bellroy,Bellroy,GPE,-0.40909091,0.31818182,en,1.10000000,,-1,,,,,,
Jagalchi,Jagalchi,GPE,0.00000000,0.00000000,en,1.10000000,,-1,,,,,,
Daly City,Daly City,GPE,0.00000000,0.00000000,en,1.10000000,,-1,,,,,,
Waterford,Waterford,GPE,0.00000000,0.22727273,en,1.10000000,4471434-8,2960992,X,52.25833000,-7.11193900,EUROPE,Ireland,NEU
the Green Mountains,the Green Mountains,LOC,-0.04591368,0.38567493,en,1.10000000,,-1,,,,,,
Mississippi,Mississippi,LOC,0.20454545,0.59090909,en,1.10000000,,-1,,,,,,
National Parks,National Parks,LOC,0.20454545,0.59090909,en,1.10000000,,-1,,,,,,
Kupiansk,Kupiansk,GPE,0.00000000,0.00000000,en,1.10000000,,-1,,,,,,
Western Maine,Western Maine,LOC,-0.04591368,0.38567493,en,1.10000000,,-1,,,,,,
the White Mountains,the White Mountains,LOC,-0.04591368,0.38567493,en,1.10000000,,-1,,,,,,
Berkeley,Berkeley,GPE,0.09090909,0.36363636,en,1.10000000,,-1,,,,,,
San Diego County,San Diego County,GPE,0.69696970,0.93939394,en,1.10000000,,-1,,,,,,
Utah,Utah,GPE,0.00000000,0.00000000,en,1.10000000,4062214-9,5549030,X,39.25023900,-111.75103000,NORTH-AMERICA,United States,WNA
Germany,Germany,GPE,0.56818182,0.71969697,en,1.10000000,,-1,,,,,,
Maryland,Maryland,GPE,0.24793388,0.82644628,en,1.10000000,4037776-3,4361885,X,39.90000000,-76.74997000,NORTH-AMERICA,United States,ENA
Carmine Red,Carmine Red,LOC,0.00000000,0.00000000,en,1.10000000,,-1,,,,,,
Thamesmead,Thamesmead,GPE,0.00000000,0.00000000,en,1.10000000,,-1,,,,,,
Denton,Denton,GPE,0.45454545,0.60606061,en,1.10000000,,-1,,,,,,
Venus,Venus,LOC,0.18181818,0.90909091,en,1.10000000,,-1,,,,,,
Crystal Galaxite Black,Crystal Galaxite Black,LOC,-0.13888889,0.88383838,en,1.10000000,,-1,,,,,,
North America,North America,LOC,0.54545455,0.54545455,en,1.10000000,,-1,,,,,,
Grand Rapids,Grand Rapids,GPE,0.20454545,0.93181818,en,1.10000000,,-1,,,,,,
Michigan,Michigan,GPE,0.20454545,0.93181818,en,1.10000000,4115139-2,5001836,X,44.25028900,-85.50033000,NORTH-AMERICA,United States,ENA
Thailand,Thailand,GPE,0.10606061,0.21717172,en,1.10000000,4078228-1,1605651,X,15.00000000,100.00000000,ASIA,Thailand,SEA
Vail,Vail,GPE,0.31877214,0.99763872,en,1.10000000,,-1,,,,,,
Klaksvík,Klaksvík,GPE,0.06060606,0.57575758,en,1.10000000,,-1,,,,,,
Denver,Denver,GPE,0.12396694,0.41322314,en,1.10000000,,-1,,,,,,
New Mexico,New Mexico,GPE,0.49384757,1.03673095,en,1.10000000,4042006-1,5481136,X,34.50034000,-106.49999900,NORTH-AMERICA,United States,WNA
Montana,Montana,GPE,-0.06628788,0.72348485,en,1.10000000,4040138-8,5667009,X,47.50000000,-109.75101900,NORTH-AMERICA,United States,WNA
Rochester,Rochester,GPE,0.00000000,0.04545455,en,1.10000000,,-1,,,,,,
Ozarks,Ozarks,LOC,0.04040404,1.45454545,en,1.10000000,,-1,,,,,,
Türkiye,Türkiye,GPE,0.30303030,0.70707071,en,1.10000000,4061163-2,298795,X,39.05901000,34.91154900,EUROPE-AFRICA,Turkey,MED
Las Vegas,Las Vegas,GPE,0.00000000,0.00000000,en,1.10000000,,-1,,,,,,
the north Atlantic,the north Atlantic,LOC,0.36363636,0.63636364,en,1.10000000,,-1,,,,,,
Fort Lauderdale,Fort Lauderdale,GPE,0.00000000,0.09090909,en,1.10000000,,-1,,,,,,
Switzerland,Switzerland,GPE,0.02396694,0.26549587,en,1.10000000,,-1,,,,,,
Warminster,Warminster,GPE,0.00000000,0.09090909,en,1.10000000,7683397-5,2634755,X,51.20434000,-2.17872900,EUROPE,United Kingdom,NEU
Philadelphia,Philadelphia,GPE,-0.12121212,0.65656566,en,1.10000000,,-1,,,,,,
NYC,NYC,GPE,-0.27609428,0.29629630,en,1.10000000,,-1,,,,,,
Kyiv,Kyiv,GPE,-0.06818182,0.44886364,en,1.10000000,4030522-3,703448,X,50.45472200,30.52388800,EUROPE,Ukraine,WCE
Atlanta,Atlanta,GPE,0.38739669,1.03374656,en,1.10000000,4086063-2,4180439,X,33.74888800,-84.38777700,NORTH-AMERICA,United States,ENA
Seattle,Seattle,GPE,0.00000000,0.00000000,en,1.10000000,,-1,,,,,,
Phoenix,Phoenix,GPE,-0.22727273,0.45454545,en,1.10000000,,-1,,,,,,
Mars,Mars,LOC,-0.15151515,0.39393939,en,1.10000000,,-1,,,,,,
New South Wales,New South Wales,GPE,0.03443526,0.96074380,en,1.10000000,,-1,,,,,,
Haywood County,Haywood County,GPE,0.17424242,0.33838384,en,1.10000000,,-1,,,,,,
Black Dakota,Black Dakota,GPE,-0.35766758,0.95087236,en,1.10000000,,-1,,,,,,
Berwick,Berwick,GPE,0.01763085,0.26887052,en,1.10000000,,-1,,,,,,
Westport,Westport,GPE,0.00000000,0.15151515,en,1.10000000,,-1,,,,,,
Soelden,Soelden,GPE,0.78409091,1.14646465,en,1.10000000,,-1,,,,,,
Florence,Florence,GPE,-0.01377410,0.40358127,en,1.10000000,,-1,,,,,,
Tijuana,Tijuana,GPE,0.18181818,0.18181818,en,1.10000000,4230553-6,3981609,X,32.50269900,-117.00370900,CENTRAL-AMERICA,Mexico,NCA
Georgia,Georgia,GPE,0.38739669,1.03374656,en,1.10000000,4020273-2,4197000,X,32.75041900,-83.50018000,NORTH-AMERICA,United States,ENA
Italia,Italia,GPE,-0.15151515,0.39393939,en,1.10000000,,-1,,,,,,
Brescia,Brescia,GPE,0.34090909,0.45454545,en,1.10000000,4008213-1,3181554,X,45.52477900,10.22727000,EUROPE,Italy,WCE
Burnet,Burnet,GPE,0.17234848,0.67803030,en,1.10000000,,-1,,,,,,
Dallas,Dallas,GPE,0.46487603,1.09504132,en,1.10000000,,-1,,,,,,
Alabama,Alabama,GPE,0.38739669,1.03374656,en,1.10000000,4084839-5,4829764,X,32.75041000,-86.75025900,NORTH-AMERICA,United States,ENA
Mahwah,Mahwah,GPE,0.28374656,0.88319559,en,1.10000000,,-1,,,,,,
Chicago,Chicago,GPE,0.00000000,0.10000000,en,1.00000000,4009921-0,4887398,X,41.85002900,-87.65004900,NORTH-AMERICA,United States,ENA
Trollstigen,Trollstigen,GPE,0.55000000,0.70000000,en,1.00000000,,-1,,,,,,
Tri-Cities region,Tri-Cities region,LOC,0.00000000,0.00000000,en,1.00000000,,-1,,,,,,
Vágar,Vágar,GPE,0.06666667,0.63333333,en,1.00000000,,-1,,,,,,
Amethi,Amethi,GPE,-0.15000000,0.70000000,en,1.00000000,,-1,,,,,,
Amritsar,Amritsar,GPE,0.00000000,0.00000000,en,1.00000000,4079760-0,1278710,X,31.63661000,74.87475900,ASIA,India,WCA
Guatemala,Guatemala,GPE,0.05000000,0.23333333,en,1.00000000,4022428-4,3595528,X,15.50000000,-90.25000000,CENTRAL-AMERICA,Guatemala,SCA
Totonicapan,Totonicapan,GPE,0.05000000,0.23333333,en,1.00000000,,-1,,,,,,
the Faroe Islands',the Faroe Islands',GPE,0.06666667,0.63333333,en,1.00000000,,-1,,,,,,
Unsplash,Unsplash,GPE,0.00000000,0.00000000,en,1.00000000,,-1,,,,,,
Europe,Europe,LOC,-0.05000000,0.30000000,en,1.00000000,,-1,,,,,,
Brentwood,Brentwood,GPE,-0.07777778,0.64027778,en,1.00000000,4365246-3,2654782,X,51.62127000,0.30556000,EUROPE,United Kingdom,NEU
the Central Valley,the Central Valley,LOC,0.07777778,0.43888889,en,1.00000000,,-1,,,,,,
TORONTO,TORONTO,GPE,0.00000000,0.10000000,en,1.00000000,,-1,,,,,,
Ooty,Ooty,LOC,0.00000000,0.00000000,en,1.00000000,4224150-9,1253993,X,11.41339900,76.69521000,ASIA,India,SAS
Alicante,Alicante,GPE,0.00000000,0.16666667,en,1.00000000,4079702-8,2521978,X,38.34517000,-0.48149000,EUROPE-AFRICA,Spain,MED
Chhattisgarh,Chhattisgarh,GPE,-0.25000000,0.65000000,en,1.00000000,4670233-7,1444364,X,21.50000000,82.00000000,ASIA,India,SAS
Charlestown,Charlestown,GPE,0.00000000,0.16666667,en,1.00000000,,-1,,,,,,
Karnal,Karnal,GPE,0.00000000,0.00000000,en,1.00000000,,-1,,,,,,
foggy ocean,foggy ocean,LOC,0.00000000,0.00000000,en,1.00000000,,-1,,,,,,
Malibu,Malibu,GPE,0.10000000,0.40000000,en,1.00000000,,-1,,,,,,
Santa Clara,Santa Clara,GPE,0.13750000,0.48333333,en,1.00000000,,-1,,,,,,
Ladakh,Ladakh,GPE,0.02500000,0.50000000,en,1.00000000,,-1,,,,,,
West Bengal,West Bengal,GPE,0.00000000,1.00000000,en,1.00000000,4079196-8,1252881,X,24.00000000,88.00000000,ASIA,India,SAS
New Sobek,New Sobek,GPE,0.13636364,0.45454545,en,1.00000000,,-1,,,,,,
West Uttar,West Uttar,GPE,-0.20000000,0.65000000,en,1.00000000,,-1,,,,,,
the Bay Area,the Bay Area,LOC,0.44000000,0.64000000,en,1.00000000,,-1,,,,,,
Miami,Miami,GPE,0.15000000,0.35000000,en,1.00000000,,-1,,,,,,
Terra Dakota,Terra Dakota,GPE,0.00000000,0.10000000,en,1.00000000,,-1,,,,,,
Galgibaga,Galgibaga,LOC,0.12500000,0.41666667,en,1.00000000,,-1,,,,,,
cancella,cancella,GPE,-0.31666667,0.47222222,en,1.00000000,,-1,,,,,,
Jamshedpur,Jamshedpur,GPE,-0.24166667,0.45833333,en,1.00000000,4522199-6,1269300,X,22.80277900,86.18545000,ASIA,India,SAS
the Bay of … Tamil Nadu,the Bay of … Tamil Nadu,LOC,-0.06666667,0.63333333,en,1.00000000,,-1,,,,,,
Puducherry,Puducherry,GPE,-0.06666667,0.63333333,en,1.00000000,16023115-2,1259425,X,11.93380900,79.82979000,ASIA,India,SAS
Karaikal,Karaikal,GPE,-0.06666667,0.63333333,en,1.00000000,,-1,,,,,,
Parchment,Parchment,GPE,0.00000000,0.00000000,en,1.00000000,,-1,,,,,,
the southwest Bay,the southwest Bay,LOC,-0.05714286,0.28095238,en,1.00000000,,-1,,,,,,
the Namib Desert,the Namib Desert,LOC,0.00000000,0.00000000,en,1.00000000,,-1,,,,,,
Bay of Bengal,Bay of Bengal,LOC,-0.06000000,0.40000000,en,1.00000000,,-1,,,,,,
Decatur,Decatur,GPE,0.00000000,0.00000000,en,1.00000000,,-1,,,,,,
nationsthe United States,nationsthe United States,GPE,-0.01010101,0.25707071,en,1.00000000,,-1,,,,,,
the United Kingdom,the United Kingdom,GPE,-0.01010101,0.25707071,en,1.00000000,,-1,,,,,,
West Germany,West Germany,GPE,-0.01010101,0.25707071,en,1.00000000,,-1,,,,,,
Newest Delhi,Newest Delhi,GPE,-0.60000000,0.70000000,en,1.00000000,,-1,,,,,,
DelhiNew York,DelhiNew York,GPE,0.33035714,0.70535714,en,1.00000000,,-1,,,,,,
Manchester,Manchester,GPE,0.00000000,0.40000000,en,1.00000000,4037286-8,2643123,X,53.48095000,-2.23742900,EUROPE,United Kingdom,NEU
Meerut,Meerut,GPE,0.03333333,0.60000000,en,1.00000000,4287574-2,1263214,X,28.97155000,77.71934000,ASIA,India,SAS
Varanasi,Varanasi,GPE,0.03333333,0.60000000,en,1.00000000,4062337-3,1253405,X,25.31668000,83.01041900,ASIA,India,SAS
Kanpur,Kanpur,GPE,0.03333333,0.60000000,en,1.00000000,4029504-7,1267995,X,26.44780000,80.34627000,ASIA,India,SAS
Regina,Regina,GPE,0.25000000,0.33333333,en,1.00000000,,-1,,,,,,
Delhi-NCR's,Delhi-NCR's,GPE,-0.10000000,0.40000000,en,1.00000000,,-1,,,,,,
sn,sn,GPE,0.02222222,0.38148148,en,1.00000000,,-1,,,,,,
National Capital Region,National Capital Region,LOC,0.07878788,0.60000000,en,1.00000000,,-1,,,,,,
Yundang Lake,Yundang Lake,GPE,-0.18750000,0.50000000,en,1.00000000,,-1,,,,,,
Bandra East,Bandra East,LOC,0.00000000,0.00000000,en,1.00000000,,-1,,,,,,
Northern California,Northern California,LOC,0.42857143,0.73571429,en,1.00000000,,-1,,,,,,
Eastern India,Eastern India,LOC,-0.12500000,0.37500000,en,1.00000000,,-1,,,,,,
Sudurpaschim,Sudurpaschim,GPE,-0.05000000,0.35000000,en,1.00000000,,-1,,,,,,
mo…,mo…,GPE,-0.05000000,0.35000000,en,1.00000000,,-1,,,,,,
U.K.,U.K.,GPE,0.50000000,1.00000000,en,1.00000000,,-1,,,,,,
Darjeeling,Darjeeling,GPE,-0.30000000,1.00000000,en,1.00000000,4011057-6,1273467,X,27.03332900,88.26667000,ASIA,India,TIB
Somerset,Somerset,GPE,0.50000000,1.00000000,en,1.00000000,,-1,,,,,,
Calgary,Calgary,GPE,0.00000000,0.00000000,en,1.00000000,4085122-9,5913490,X,51.05000000,-114.08527700,NORTH-AMERICA,Canada,NWN
Longreads,Longreads,GPE,1.00000000,0.30000000,en,1.00000000,,-1,,,,,,
Chukotka,Chukotka,GPE,0.19642857,0.28392857,en,1.00000000,,-1,,,,,,
Mayurbhanj,Mayurbhanj,GPE,0.13636364,0.45454545,en,1.00000000,,-1,,,,,,
Safdarjung,Safdarjung,GPE,0.00000000,0.00000000,en,1.00000000,,-1,,,,,,
Ratmanov Island,Ratmanov Island,GPE,-0.03333333,0.10000000,en,1.00000000,,-1,,,,,,
Faroe Islands,Faroe Islands,GPE,0.20000000,0.35000000,en,1.00000000,4016258-8,2622320,X,62.00000000,-7.00000000,EUROPE,,NEU
Donegal,Donegal,GPE,0.00000000,0.10000000,en,1.00000000,,-1,,,,,,
Connacht,Connacht,GPE,0.00000000,0.10000000,en,1.00000000,4755231-1,7521313,X,53.86999900,-8.63333000,EUROPE,Ireland,NEU
Munster,Munster,GPE,0.00000000,0.10000000,en,1.00000000,,-1,,,,,,
KALSOY ISLAND,KALSOY ISLAND,GPE,0.20000000,0.35000000,en,1.00000000,,-1,,,,,,
J&K,J&K,GPE,0.00000000,0.00000000,en,1.00000000,,-1,,,,,,
Guwahati,Guwahati,GPE,-0.13333333,0.28333333,en,1.00000000,4368296-0,1271476,X,26.18617000,91.75095000,ASIA,India,SAS
Ollama,Ollama,GPE,0.00000000,0.00000000,en,1.00000000,,-1,,,,,,
UP,UP,GPE,-0.28333333,0.58333333,en,1.00000000,,-1,,,,,,
Fujian Province,Fujian Province,GPE,-0.18750000,0.50000000,en,1.00000000,,-1,,,,,,
Central Park,Central Park,LOC,0.18181818,0.42272727,en,1.00000000,,-1,,,,,,
Misso…,Misso…,GPE,0.17045455,0.53484848,en,1.00000000,,-1,,,,,,
Venice,Venice,GPE,0.18181818,0.42272727,en,1.00000000,4062501-1,3164603,X,45.43860900,12.32667000,EUROPE,Italy,WCE
StingerHawk,StingerHawk,LOC,0.05000000,0.15000000,en,1.00000000,,-1,,,,,,
the North Atlantic Ocean,the North Atlantic Ocean,LOC,0.00000000,0.00000000,en,1.00000000,,-1,,,,,,
Aya Nagar,Aya Nagar,LOC,-0.20340909,0.69696970,en,1.00000000,,-1,,,,,,
Great Lakes,Great Lakes,LOC,0.10000000,0.91666667,en,1.00000000,,-1,,,,,,
Sealy,Sealy,GPE,-0.13333333,0.36666667,en,1.00000000,,-1,,,,,,
San Francisco's,San Francisco's,GPE,0.37777778,0.24444444,en,1.00000000,,-1,,,,,,
Mountain,Mountain,LOC,0.13636364,0.45454545,en,1.00000000,,-1,,,,,,
DENVER,DENVER,GPE,0.28989899,0.57373737,en,1.00000000,,-1,,,,,,
Atmospheric river,Atmospheric river,LOC,0.00000000,0.00000000,en,1.00000000,,-1,,,,,,
SLO County,SLO County,GPE,0.00000000,0.00000000,en,1.00000000,,-1,,,,,,
the Central Coast,the Central Coast,LOC,-0.10000000,0.37500000,en,1.00000000,,-1,,,,,,
Washington State,Washington State,GPE,0.18181818,0.42272727,en,1.00000000,4118995-4,5815135,X,47.50012000,-120.50146900,NORTH-AMERICA,United States,WNA
Ukrainian,Ukrainian,GPE,0.00000000,0.00000000,en,1.00000000,,-1,,,,,,
Forest River,Forest River,LOC,0.00000000,0.00000000,en,1.00000000,,-1,,,,,,
Moscow,Moscow,GPE,0.00000000,0.00000000,en,1.00000000,4074987-3,524901,X,55.75222200,37.61555500,EUROPE,Russia,WCE
Beige Dakota,Beige Dakota,GPE,-0.38333333,0.71666667,en,1.00000000,,-1,,,,,,
the San Francisco Bay Area,the San Francisco Bay Area,LOC,0.00000000,0.00000000,en,1.00000000,,-1,,,,,,
Brussels,Brussels,GPE,0.25000000,0.45000000,en,1.00000000,4008460-7,2800866,X,50.85027700,4.34861100,EUROPE,Belgium,WCE
Belgium,Belgium,GPE,0.40000000,0.80000000,en,1.00000000,4005406-8,2802361,X,50.83332900,4.00000000,EUROPE,Belgium,WCE
L’Echo,L’Echo,GPE,0.40000000,0.80000000,en,1.00000000,,-1,,,,,,
Donbas,Donbas,GPE,0.00000000,0.46250000,en,1.00000000,,-1,,,,,,
the Gulf Stream,the Gulf Stream,LOC,0.00000000,0.00000000,en,1.00000000,,-1,,,,,,
Poway,Poway,GPE,0.00000000,0.00000000,en,1.00000000,,-1,,,,,,
South Bay,South Bay,LOC,0.00000000,0.00000000,en,1.00000000,,-1,,,,,,
Red Nappa,Red Nappa,LOC,-0.12500000,0.35000000,en,1.00000000,,-1,,,,,,
Belfast,Belfast,GPE,0.00000000,0.00000000,en,1.00000000,4080332-6,2655984,X,54.58332900,-5.93332900,EUROPE,United Kingdom,NEU
west Belfast,west Belfast,LOC,0.35000000,0.56666667,en,1.00000000,,-1,,,,,,
NC,NC,GPE,0.00000000,0.00000000,en,1.00000000,,-1,,,,,,
Ballymurphy,Ballymurphy,GPE,0.35000000,0.56666667,en,1.00000000,,-1,,,,,,
Bronx,Bronx,GPE,0.13636364,0.45454545,en,1.00000000,,-1,,,,,,
Chinas,Chinas,GPE,-0.10000000,0.40000000,en,1.00000000,,-1,,,,,,
New Zealand's,New Zealand's,GPE,0.06818182,0.72727273,en,1.00000000,,-1,,,,,,
North Island,North Island,LOC,0.06818182,0.72727273,en,1.00000000,,-1,,,,,,
headlinesbut,headlinesbut,GPE,0.00000000,0.00000000,en,1.00000000,,-1,,,,,,
MANILA,MANILA,GPE,0.08888889,0.47777778,en,1.00000000,,-1,,,,,,
Chennaiites,Chennaiites,GPE,0.00000000,0.00000000,en,1.00000000,,-1,,,,,,
Asia,Asia,LOC,0.04062500,0.29375000,en,1.00000000,,-1,,,,,,
Lusitania,Lusitania,GPE,0.40000000,0.90000000,en,1.00000000,4046843-4,2264397,X,39.50000000,-8.00000000,EUROPE-AFRICA,Portugal,MED
Weather Ireland,Weather Ireland,GPE,-0.10000000,0.25000000,en,1.00000000,,-1,,,,,,
South,South,LOC,0.06111111,0.28888889,en,1.00000000,,-1,,,,,,
Australia,Australia,GPE,0.00000000,0.00000000,en,1.00000000,,-1,,,,,,
Berlin,Berlin,GPE,0.37500000,0.47500000,en,1.00000000,4005728-8,2950157,X,52.50000000,13.41666900,EUROPE,Germany,WCE
Connecticut,Connecticut,GPE,0.00727273,0.11090909,en,1.00000000,4010487-4,4831725,X,41.66704000,-72.66648000,NORTH-AMERICA,United States,ENA
Sentinel-1C,Sentinel-1C,GPE,0.37500000,0.47500000,en,1.00000000,,-1,,,,,,
Kudoyama,Kudoyama,GPE,0.60000000,0.90000000,en,1.00000000,,-1,,,,,,
south Fl,south Fl,LOC,0.11250000,0.32500000,en,1.00000000,,-1,,,,,,
the Great Lakes,the Great Lakes,LOC,0.75000000,0.82500000,en,1.00000000,,-1,,,,,,
Atlantic City,Atlantic City,GPE,0.04545455,0.48484848,en,1.00000000,,-1,,,,,,
San Diego,San Diego,GPE,0.35000000,0.62500000,en,1.00000000,,-1,,,,,,
Mediterranean,Mediterranean,LOC,0.44444444,0.58888889,en,1.00000000,,-1,,,,,,
regula…,regula…,GPE,0.20119048,0.38690476,en,1.00000000,,-1,,,,,,
ISTANBUL,ISTANBUL,GPE,0.03333333,0.31111111,en,1.00000000,,-1,,,,,,
ATLANTA,ATLANTA,GPE,0.35500000,0.63500000,en,1.00000000,,-1,,,,,,
Bluetoot,Bluetoot,GPE,0.22402597,0.44119769,en,1.00000000,,-1,,,,,,
Va,Va,GPE,0.17532468,0.54870130,en,1.00000000,,-1,,,,,,
Goa,Goa,LOC,-0.09000000,0.38333333,en,1.00000000,4021394-8,1271156,X,15.50195000,73.91008900,ASIA,India,SAS
Coimbatore,Coimbatore,GPE,-0.09000000,0.38333333,en,1.00000000,4247118-7,1273865,X,11.00554900,76.96612000,ASIA,India,SAS
the Southern Hemisphere,the Southern Hemisphere,LOC,0.20000000,0.50000000,en,1.00000000,,-1,,,,,,
the Northern hemisphere,the Northern hemisphere,LOC,0.00000000,0.00000000,en,1.00000000,,-1,,,,,,
Caernarfon,Caernarfon,GPE,0.00000000,0.00000000,en,1.00000000,,-1,,,,,,
Britain,Britain,GPE,-0.07777778,0.51111111,en,1.00000000,,-1,,,,,,
Indias,Indias,GPE,0.08333333,0.16666667,en,1.00000000,,-1,,,,,,
Shimla Himachal Pradesh,Shimla Himachal Pradesh,GPE,0.00000000,0.50000000,en,1.00000000,,-1,,,,,,
Shimla,Shimla,GPE,-0.15000000,0.85000000,en,1.00000000,4118663-1,1256237,X,31.10444400,77.16666600,ASIA,India,TIB
the Bay of Ranobe,the Bay of Ranobe,LOC,0.00000000,0.00000000,en,1.00000000,,-1,,,,,,
Kurali,Kurali,LOC,-0.19166667,0.43333333,en,1.00000000,,-1,,,,,,
Ambolimailaky,Ambolimailaky,GPE,0.00000000,0.00000000,en,1.00000000,,-1,,,,,,
Khabarhub,Khabarhub,GPE,0.28125000,0.50000000,en,1.00000000,,-1,,,,,,
Kharkiv,Kharkiv,GPE,0.00000000,0.62500000,en,1.00000000,4009782-1,706483,X,49.98080900,36.25271900,EUROPE,Ukraine,WCE
SINGAPORE,SINGAPORE,GPE,-0.10000000,0.16666667,en,1.00000000,,-1,,,,,,
Oklahoma,Oklahoma,GPE,0.00000000,0.00000000,en,1.00000000,4102053-4,4544379,X,35.49208900,-97.50328000,NORTH-AMERICA,United States,CNA
The Republic of Ireland,The Republic of Ireland,GPE,0.42878788,0.40151515,en,1.00000000,,-1,,,,,,
Akureyri,Akureyri,GPE,0.00000000,0.00000000,en,1.00000000,4218545-2,2633274,X,65.68353000,-18.08780000,POLAR,,GIC
the Troll Peninsula,the Troll Peninsula,LOC,0.00000000,0.00000000,en,1.00000000,,-1,,,,,,
The North Sea,The North Sea,LOC,0.00000000,0.00000000,en,1.00000000,,-1,,,,,,
RM223k,RM223k,GPE,0.35000000,0.55000000,en,1.00000000,,-1,,,,,,
Dublin,Dublin,GPE,0.00000000,0.00000000,en,1.00000000,4013170-1,2964574,X,53.33306000,-6.24889000,EUROPE,Ireland,NEU
Kildare,Kildare,GPE,0.00000000,0.00000000,en,1.00000000,,-1,,,,,,
Laois,Laois,GPE,0.00000000,0.00000000,en,1.00000000,,-1,,,,,,
Longford,Longford,GPE,0.00000000,0.00000000,en,1.00000000,,-1,,,,,,
Naples,Naples,GPE,0.00000000,0.00000000,en,1.00000000,4041476-0,3172394,X,40.83332900,14.25000000,EUROPE-AFRICA,Italy,MED
Meath,Meath,GPE,0.00000000,0.00000000,en,1.00000000,,-1,,,,,,
Offaly,Offaly,GPE,0.00000000,0.00000000,en,1.00000000,,-1,,,,,,
Westmeath,Westmeath,GPE,0.00000000,0.00000000,en,1.00000000,,-1,,,,,,
British Columbia’s,British Columbia’s,GPE,0.03409091,0.36363636,en,1.00000000,,-1,,,,,,
Pune,Pune,GPE,-0.12500000,0.37500000,en,1.00000000,16035299-X,1259229,X,18.51944400,73.85527700,ASIA,India,SAS
Stuttgart,Stuttgart,GPE,0.00000000,0.00000000,en,1.00000000,4058282-6,2825297,X,48.78222200,9.17694400,EUROPE,Germany,WCE
Deventer,Deventer,GPE,0.00000000,0.00000000,en,1.00000000,4090740-5,2756987,X,52.25500000,6.16389000,EUROPE,The Netherlands,WCE
MB-Tex,MB-Tex,LOC,-0.08333333,0.25000000,en,1.00000000,,-1,,,,,,
"149,900British Columbia","149,900British Columbia",GPE,0.04545455,0.48484848,en,1.00000000,,-1,,,,,,
Punj,Punj,GPE,0.05681818,0.48636364,en,1.00000000,,-1,,,,,,
