,phrase,label,sentiment,subjectivity,language,count
Delhi,,,,,,
India,,,,,,
North India,,,,,,
Delhi-NCR,,,,,,
Mumbai,,,,,,
Uttar Pradesh,,,,,,
Noida,,,,,,
Chandigarh,,,,,,
U.S.,,,,,,
Jharkhand,,,,,,
Punjab,,,,,,
Lucknow,,,,,,
Texas,,,,,,
Ukraine,,,,,,
California,,,,,,
Hyderabad,,,,,,
Haryana,,,,,,
Midwest,,,,,,
Chennai,,,,,,
New Delhi,,,,,,
Rajasthan,,,,,,
Russia,,,,,,
Himachal,,,,,,
US,,,,,,
Gurgaon,,,,,,
Japan,,,,,,
Northeast,,,,,,
North,,,,,,
Kashmir,,,,,,
Pokrovsk,,,,,,
NEW DELHI,,,,,,
Northern India,,,,,,
Lukla,,,,,,
Ranchi,,,,,,
Bihar,,,,,,
Tarai,,,,,,
Sarajevo,,,,,,
Bengaluru,,,,,,
New York,,,,,,
Canada,,,,,,
Minnesota,,,,,,
Jammu,,,,,,
Tamil Nadu,,,,,,
Nepal,,,,,,
Florida,,,,,,
Houston,,,,,,
Ireland,,,,,,
UK,,,,,,
Kolkata,,,,,,
Malaysia,,,,,,
Bosnia-Herzegovina,,,,,,
Kansas,,,,,,
Maine,,,,,,
Galveston,,,,,,
Mohali,,,,,,
Himalayas,,,,,,
Himachal Pradesh,,,,,,
Madhya Pradesh,,,,,,
SARAJEVO,,,,,,
London,,,,,,
Nepals,,,,,,
Terai,,,,,,
Brooklyn,,,,,,
Italy,,,,,,
Mount Everest,,,,,,
Pradesh,,,,,,
NCR,,,,,,
Venezuela,,,,,,
Southern California,,,,,,
China,,,,,,
Tripura,,,,,,
Donetsk,,,,,,
Illinois,,,,,,
Underground,,,,,,
Will Delhi,,,,,,
Cavan,,,,,,
Argentina,,,,,,
Oyster,,,,,,
Telangana,,,,,,
Arctic,,,,,,
Doeskin,,,,,,
Wales,,,,,,
Maharashtra,,,,,,
Kathmandu,,,,,,
Fresno,,,,,,
Louth,,,,,,
Northern,,,,,,
Eastern,,,,,,
Ghaziabad,,,,,,
Vijayawada,,,,,,
Monaghan,,,,,,
England,,,,,,
Gunma Prefecture,,,,,,
Minakami,,,,,,
PORTLAND,,,,,,
Overland Park,,,,,,
Liverpool,,,,,,
Srinagar,,,,,,
Uttarakhand,,,,,,
Karnataka,,,,,,
Jaleshwor,,,,,,
Colorado,,,,,,
Washington,,,,,,
Oregon,,,,,,
San Francisco,,,,,,
HOUSTON,,,,,,
Bengal,,,,,,
Wisconsin,,,,,,
Philippines,,,,,,
Earth,,,,,,
Nevada,,,,,,
America,,,,,,
WASHINGTON,,,,,,
Kilkenny,,,,,,
North Carolina,,,,,,
the Saudi Arabia season,,,,,,
Arizona,,,,,,
Norway,,,,,,
Indiana,,,,,,
Pennsylvania,,,,,,
Lake Superior,,,,,,
Bayfield,,,,,,
South Carolina,,,,,,
Los Angeles,,,,,,
Iceland,,,,,,
Pakistan,,,,,,
St. Louis,,,,,,
Colaba,,,,,,
Bangalore,,,,,,
Carpathians,,,,,,
Assam,,,,,,
Rairangpur,,,,,,
Faridabad,,,,,,
Bareilly,,,,,,
Nuh,,,,,,
the Bay of Bengal,,,,,,
Valley,,,,,,
U.S. Alpine,,,,,,
Boston,,,,,,
the Faroe Islands,,,,,,
Dakota,,,,,,
Lemmon,,,,,,
the United States,,,,,,
Wexford,,,,,,
Carlow,,,,,,
New Jersey,,,,,,
Wicklow,,,,,,
New Zealand,,,,,,
Bay Area,,,,,,
Pacific,,,,,,
France,,,,,,
Zaporizhia,,,,,,
New Hampshire,,,,,,
Vermont,,,,,,
Ivory,,,,,,
Alaska,,,,,,
JUNEAU,,,,,,
Central Valley,,,,,,
New York City,,,,,,
Netherlands,,,,,,
San Luis Obispo County,,,,,,
Bellroy,,,,,,
Jagalchi,,,,,,
Daly City,,,,,,
Waterford,,,,,,
the Green Mountains,,,,,,
Mississippi,,,,,,
National Parks,,,,,,
Kupiansk,,,,,,
Western Maine,,,,,,
the White Mountains,,,,,,
Berkeley,,,,,,
San Diego County,,,,,,
Utah,,,,,,
Germany,,,,,,
Maryland,,,,,,
Carmine Red,,,,,,
Thamesmead,,,,,,
Denton,,,,,,
Venus,,,,,,
Crystal Galaxite Black,,,,,,
North America,,,,,,
Grand Rapids,,,,,,
Michigan,,,,,,
Thailand,,,,,,
Vail,,,,,,
Klaksvík,,,,,,
Denver,,,,,,
New Mexico,,,,,,
Montana,,,,,,
Rochester,,,,,,
Ozarks,,,,,,
Türkiye,,,,,,
Las Vegas,,,,,,
the north Atlantic,,,,,,
Fort Lauderdale,,,,,,
Switzerland,,,,,,
Warminster,,,,,,
Philadelphia,,,,,,
NYC,,,,,,
Kyiv,,,,,,
Atlanta,,,,,,
Seattle,,,,,,
Phoenix,,,,,,
Mars,,,,,,
New South Wales,,,,,,
Haywood County,,,,,,
Black Dakota,,,,,,
Berwick,,,,,,
Westport,,,,,,
Soelden,,,,,,
Florence,,,,,,
Tijuana,,,,,,
Georgia,,,,,,
Italia,,,,,,
Brescia,,,,,,
Burnet,,,,,,
Dallas,,,,,,
Alabama,,,,,,
Mahwah,,,,,,
Chicago,,,,,,
Trollstigen,,,,,,
Tri-Cities region,,,,,,
Vágar,,,,,,
Amethi,,,,,,
Amritsar,,,,,,
Guatemala,,,,,,
Totonicapan,,,,,,
the Faroe Islands',,,,,,
Unsplash,,,,,,
Europe,,,,,,
Brentwood,,,,,,
the Central Valley,,,,,,
TORONTO,,,,,,
Ooty,,,,,,
Alicante,,,,,,
Chhattisgarh,,,,,,
Charlestown,,,,,,
Karnal,,,,,,
foggy ocean,,,,,,
Malibu,,,,,,
Santa Clara,,,,,,
Ladakh,,,,,,
West Bengal,,,,,,
New Sobek,,,,,,
West Uttar,,,,,,
the Bay Area,,,,,,
Miami,,,,,,
Terra Dakota,,,,,,
Galgibaga,,,,,,
cancella,,,,,,
Jamshedpur,,,,,,
the Bay of … Tamil Nadu,,,,,,
Puducherry,,,,,,
Karaikal,,,,,,
Parchment,,,,,,
the southwest Bay,,,,,,
the Namib Desert,,,,,,
Bay of Bengal,,,,,,
Decatur,,,,,,
nationsthe United States,,,,,,
the United Kingdom,,,,,,
West Germany,,,,,,
Newest Delhi,,,,,,
DelhiNew York,,,,,,
Manchester,,,,,,
Meerut,,,,,,
Varanasi,,,,,,
Kanpur,,,,,,
Regina,,,,,,
Delhi-NCR's,,,,,,
sn,,,,,,
National Capital Region,,,,,,
Yundang Lake,,,,,,
Bandra East,,,,,,
Northern California,,,,,,
Eastern India,,,,,,
Sudurpaschim,,,,,,
mo…,,,,,,
U.K.,,,,,,
Darjeeling,,,,,,
Somerset,,,,,,
Calgary,,,,,,
Longreads,,,,,,
Chukotka,,,,,,
Mayurbhanj,,,,,,
Safdarjung,,,,,,
Ratmanov Island,,,,,,
Faroe Islands,,,,,,
Donegal,,,,,,
Connacht,,,,,,
Munster,,,,,,
KALSOY ISLAND,,,,,,
J&K,,,,,,
Guwahati,,,,,,
Ollama,,,,,,
UP,,,,,,
Fujian Province,,,,,,
Central Park,,,,,,
Misso…,,,,,,
Venice,,,,,,
StingerHawk,,,,,,
the North Atlantic Ocean,,,,,,
Aya Nagar,,,,,,
Great Lakes,,,,,,
Sealy,,,,,,
San Francisco's,,,,,,
Mountain,,,,,,
DENVER,,,,,,
Atmospheric river,,,,,,
SLO County,,,,,,
the Central Coast,,,,,,
Washington State,,,,,,
Ukrainian,,,,,,
Forest River,,,,,,
Moscow,,,,,,
Beige Dakota,,,,,,
the San Francisco Bay Area,,,,,,
Brussels,,,,,,
Belgium,,,,,,
L’Echo,,,,,,
Donbas,,,,,,
the Gulf Stream,,,,,,
Poway,,,,,,
South Bay,,,,,,
Red Nappa,,,,,,
Belfast,,,,,,
west Belfast,,,,,,
NC,,,,,,
Ballymurphy,,,,,,
Bronx,,,,,,
Chinas,,,,,,
New Zealand's,,,,,,
North Island,,,,,,
headlinesbut,,,,,,
MANILA,,,,,,
Chennaiites,,,,,,
Asia,,,,,,
Lusitania,,,,,,
Weather Ireland,,,,,,
South,,,,,,
Australia,,,,,,
Berlin,,,,,,
Connecticut,,,,,,
Sentinel-1C,,,,,,
Kudoyama,,,,,,
south Fl,,,,,,
the Great Lakes,,,,,,
Atlantic City,,,,,,
San Diego,,,,,,
Mediterranean,,,,,,
regula…,,,,,,
ISTANBUL,,,,,,
ATLANTA,,,,,,
Bluetoot,,,,,,
Va,,,,,,
Goa,,,,,,
Coimbatore,,,,,,
the Southern Hemisphere,,,,,,
the Northern hemisphere,,,,,,
Caernarfon,,,,,,
Britain,,,,,,
Indias,,,,,,
Shimla Himachal Pradesh,,,,,,
Shimla,,,,,,
the Bay of Ranobe,,,,,,
Kurali,,,,,,
Ambolimailaky,,,,,,
Khabarhub,,,,,,
Kharkiv,,,,,,
SINGAPORE,,,,,,
Oklahoma,,,,,,
The Republic of Ireland,,,,,,
Akureyri,,,,,,
the Troll Peninsula,,,,,,
The North Sea,,,,,,
RM223k,,,,,,
Dublin,,,,,,
Kildare,,,,,,
Laois,,,,,,
Longford,,,,,,
Naples,,,,,,
Meath,,,,,,
Offaly,,,,,,
Westmeath,,,,,,
British Columbia’s,,,,,,
Pune,,,,,,
Stuttgart,,,,,,
Deventer,,,,,,
MB-Tex,,,,,,
"149,900British Columbia",,,,,,
Punj,,,,,,
